studyAccession,briefTitle,armAccession,armName,armDescription,armTypeReported,armTypePreferred,subjectAccession,ageEvent,ageEventSpecify,ageUnit,maxSubjectAge,minSubjectAge,subjectPhenotype,subjectLocation,max_subject_age_in_years,min_subject_age_in_years,ancestral_population,subjectDescription,ethnicity,gender,race,raceSpecify,species,strain,strain_characteristics
SDY1597,Immune Cell Repertoires in Breast Cancer Patients after Adjuvant Chemotherapy,ARM5154,breast cancer patient,breast cancer patients who received adjuvant chemotherapy at least one year prior to sample collection,,,SUB207368,Age at Study Day 0,,Years,58.0,58.0,breast cancer patient 4.4 yrs post chemotherapy,United States of America,58.0,58.0,,,Not Hispanic or Latino,Female,Asian,,Homo sapiens,,
SDY1597,Immune Cell Repertoires in Breast Cancer Patients after Adjuvant Chemotherapy,ARM5154,breast cancer patient,breast cancer patients who received adjuvant chemotherapy at least one year prior to sample collection,,,SUB207369,Age at Study Day 0,,Years,58.0,58.0,breast cancer patient 1.3 yrs post chemotherapy,United States of America,58.0,58.0,,,Hispanic or Latino,Female,Other,Other,Homo sapiens,,
SDY1597,Immune Cell Repertoires in Breast Cancer Patients after Adjuvant Chemotherapy,ARM5154,breast cancer patient,breast cancer patients who received adjuvant chemotherapy at least one year prior to sample collection,,,SUB207370,Age at Study Day 0,,Years,63.0,63.0,breast cancer patient 3.6 yrs post chemotherapy,United States of America,63.0,63.0,,,Not Hispanic or Latino,Female,White,,Homo sapiens,,
SDY1597,Immune Cell Repertoires in Breast Cancer Patients after Adjuvant Chemotherapy,ARM5154,breast cancer patient,breast cancer patients who received adjuvant chemotherapy at least one year prior to sample collection,,,SUB207371,Age at Study Day 0,,Years,47.0,47.0,breast cancer patient 1.2 yrs post chemotherapy,United States of America,47.0,47.0,,,Not Hispanic or Latino,Female,Asian,,Homo sapiens,,
SDY1597,Immune Cell Repertoires in Breast Cancer Patients after Adjuvant Chemotherapy,ARM5154,breast cancer patient,breast cancer patients who received adjuvant chemotherapy at least one year prior to sample collection,,,SUB207372,Age at Study Day 0,,Years,54.0,54.0,breast cancer patient 2.2 yrs post chemotherapy,United States of America,54.0,54.0,,,Not Hispanic or Latino,Female,White,,Homo sapiens,,
SDY1597,Immune Cell Repertoires in Breast Cancer Patients after Adjuvant Chemotherapy,ARM5154,breast cancer patient,breast cancer patients who received adjuvant chemotherapy at least one year prior to sample collection,,,SUB207373,Age at Study Day 0,,Years,49.0,49.0,breast cancer patient 1 yrs post chemotherapy,United States of America,49.0,49.0,,,Not Hispanic or Latino,Female,White,,Homo sapiens,,
SDY1597,Immune Cell Repertoires in Breast Cancer Patients after Adjuvant Chemotherapy,ARM5154,breast cancer patient,breast cancer patients who received adjuvant chemotherapy at least one year prior to sample collection,,,SUB207374,Age at Study Day 0,,Years,54.0,54.0,breast cancer patient 4.9 yrs post chemotherapy,United States of America,54.0,54.0,,,Not Hispanic or Latino,Female,White,,Homo sapiens,,
SDY1597,Immune Cell Repertoires in Breast Cancer Patients after Adjuvant Chemotherapy,ARM5154,breast cancer patient,breast cancer patients who received adjuvant chemotherapy at least one year prior to sample collection,,,SUB207375,Age at Study Day 0,,Years,50.0,50.0,breast cancer patient 1.9 yrs post chemotherapy,United States of America,50.0,50.0,,,Not Hispanic or Latino,Female,Asian,,Homo sapiens,,
SDY1597,Immune Cell Repertoires in Breast Cancer Patients after Adjuvant Chemotherapy,ARM5154,breast cancer patient,breast cancer patients who received adjuvant chemotherapy at least one year prior to sample collection,,,SUB207376,Age at Study Day 0,,Years,50.0,50.0,breast cancer patient 2.3 yrs post chemotherapy,United States of America,50.0,50.0,,,Not Hispanic or Latino,Female,White,,Homo sapiens,,
SDY1597,Immune Cell Repertoires in Breast Cancer Patients after Adjuvant Chemotherapy,ARM5154,breast cancer patient,breast cancer patients who received adjuvant chemotherapy at least one year prior to sample collection,,,SUB207377,Age at Study Day 0,,Years,49.0,49.0,breast cancer patient 2.1 yrs post chemotherapy,United States of America,49.0,49.0,,,Not Hispanic or Latino,Female,White,,Homo sapiens,,
SDY1597,Immune Cell Repertoires in Breast Cancer Patients after Adjuvant Chemotherapy,ARM5154,breast cancer patient,breast cancer patients who received adjuvant chemotherapy at least one year prior to sample collection,,,SUB207378,Age at Study Day 0,,Years,50.0,50.0,breast cancer patient 4.4 yrs post chemotherapy,United States of America,50.0,50.0,,,Not Hispanic or Latino,Female,White,,Homo sapiens,,
SDY1597,Immune Cell Repertoires in Breast Cancer Patients after Adjuvant Chemotherapy,ARM5154,breast cancer patient,breast cancer patients who received adjuvant chemotherapy at least one year prior to sample collection,,,SUB207379,Age at Study Day 0,,Years,47.0,47.0,breast cancer patient 2.1 yrs post chemotherapy,United States of America,47.0,47.0,,,Not Hispanic or Latino,Female,Asian,,Homo sapiens,,
SDY1597,Immune Cell Repertoires in Breast Cancer Patients after Adjuvant Chemotherapy,ARM5154,breast cancer patient,breast cancer patients who received adjuvant chemotherapy at least one year prior to sample collection,,,SUB207380,Age at Study Day 0,,Years,51.0,51.0,breast cancer patient 1.4 yrs post chemotherapy,United States of America,51.0,51.0,,,Not Hispanic or Latino,Female,White,,Homo sapiens,,
SDY1597,Immune Cell Repertoires in Breast Cancer Patients after Adjuvant Chemotherapy,ARM5154,breast cancer patient,breast cancer patients who received adjuvant chemotherapy at least one year prior to sample collection,,,SUB207381,Age at Study Day 0,,Years,54.0,54.0,breast cancer patient 1.1 yrs post chemotherapy,United States of America,54.0,54.0,,,Not Hispanic or Latino,Female,Black or African American,,Homo sapiens,,
SDY1597,Immune Cell Repertoires in Breast Cancer Patients after Adjuvant Chemotherapy,ARM5154,breast cancer patient,breast cancer patients who received adjuvant chemotherapy at least one year prior to sample collection,,,SUB207382,Age at Study Day 0,,Years,57.0,57.0,breast cancer patient 3.5 yrs post chemotherapy,United States of America,57.0,57.0,,,Not Hispanic or Latino,Female,White,,Homo sapiens,,
SDY1597,Immune Cell Repertoires in Breast Cancer Patients after Adjuvant Chemotherapy,ARM5155,healthy control,age-matched healthy controls,,,SUB207383,Age at Study Day 0,,Years,58.0,58.0,healthy control,United States of America,58.0,58.0,,,Not Specified,Female,Unknown,,Homo sapiens,,
SDY1597,Immune Cell Repertoires in Breast Cancer Patients after Adjuvant Chemotherapy,ARM5155,healthy control,age-matched healthy controls,,,SUB207384,Age at Study Day 0,,Years,47.0,47.0,healthy control,United States of America,47.0,47.0,,,Not Specified,Female,Unknown,,Homo sapiens,,
SDY1597,Immune Cell Repertoires in Breast Cancer Patients after Adjuvant Chemotherapy,ARM5155,healthy control,age-matched healthy controls,,,SUB207385,Age at Study Day 0,,Years,54.0,54.0,healthy control,United States of America,54.0,54.0,,,Not Specified,Female,Unknown,,Homo sapiens,,
SDY1597,Immune Cell Repertoires in Breast Cancer Patients after Adjuvant Chemotherapy,ARM5155,healthy control,age-matched healthy controls,,,SUB207386,Age at Study Day 0,,Years,49.0,49.0,healthy control,United States of America,49.0,49.0,,,Not Specified,Female,Unknown,,Homo sapiens,,
SDY1597,Immune Cell Repertoires in Breast Cancer Patients after Adjuvant Chemotherapy,ARM5155,healthy control,age-matched healthy controls,,,SUB207387,Age at Study Day 0,,Years,50.0,50.0,healthy control,United States of America,50.0,50.0,,,Not Specified,Female,Unknown,,Homo sapiens,,
SDY1597,Immune Cell Repertoires in Breast Cancer Patients after Adjuvant Chemotherapy,ARM5155,healthy control,age-matched healthy controls,,,SUB207388,Age at Study Day 0,,Years,48.0,48.0,healthy control,United States of America,48.0,48.0,,,Not Specified,Female,Unknown,,Homo sapiens,,
SDY1597,Immune Cell Repertoires in Breast Cancer Patients after Adjuvant Chemotherapy,ARM5155,healthy control,age-matched healthy controls,,,SUB207389,Age at Study Day 0,,Years,48.0,48.0,healthy control,United States of America,48.0,48.0,,,Not Specified,Female,Unknown,,Homo sapiens,,
SDY1597,Immune Cell Repertoires in Breast Cancer Patients after Adjuvant Chemotherapy,ARM5155,healthy control,age-matched healthy controls,,,SUB207390,Age at Study Day 0,,Years,47.0,47.0,healthy control,United States of America,47.0,47.0,,,Not Specified,Female,Unknown,,Homo sapiens,,
SDY1597,Immune Cell Repertoires in Breast Cancer Patients after Adjuvant Chemotherapy,ARM5155,healthy control,age-matched healthy controls,,,SUB207391,Age at Study Day 0,,Years,53.0,53.0,healthy control,United States of America,53.0,53.0,,,Not Specified,Female,Unknown,,Homo sapiens,,
SDY1597,Immune Cell Repertoires in Breast Cancer Patients after Adjuvant Chemotherapy,ARM5155,healthy control,age-matched healthy controls,,,SUB207392,Age at Study Day 0,,Years,53.0,53.0,healthy control,United States of America,53.0,53.0,,,Not Specified,Female,Unknown,,Homo sapiens,,
SDY1597,Immune Cell Repertoires in Breast Cancer Patients after Adjuvant Chemotherapy,ARM5155,healthy control,age-matched healthy controls,,,SUB207393,Age at Study Day 0,,Years,57.0,57.0,healthy control,United States of America,57.0,57.0,,,Not Specified,Female,Unknown,,Homo sapiens,,
SDY1597,Immune Cell Repertoires in Breast Cancer Patients after Adjuvant Chemotherapy,ARM5155,healthy control,age-matched healthy controls,,,SUB207394,Age at Study Day 0,,Years,63.0,63.0,healthy control,United States of America,63.0,63.0,,,Not Specified,Female,Unknown,,Homo sapiens,,
SDY1597,Immune Cell Repertoires in Breast Cancer Patients after Adjuvant Chemotherapy,ARM5155,healthy control,age-matched healthy controls,,,SUB207395,Age at Study Day 0,,Years,55.0,55.0,healthy control,United States of America,55.0,55.0,,,Not Specified,Female,Unknown,,Homo sapiens,,
SDY1597,Immune Cell Repertoires in Breast Cancer Patients after Adjuvant Chemotherapy,ARM5155,healthy control,age-matched healthy controls,,,SUB207396,Age at Study Day 0,,Years,50.0,50.0,healthy control,United States of America,50.0,50.0,,,Not Specified,Female,Unknown,,Homo sapiens,,
SDY1597,Immune Cell Repertoires in Breast Cancer Patients after Adjuvant Chemotherapy,ARM5155,healthy control,age-matched healthy controls,,,SUB207397,Age at Study Day 0,,Years,56.0,56.0,healthy control,United States of America,56.0,56.0,,,Not Specified,Female,Unknown,,Homo sapiens,,
